{
  "divisions": [
    {
      "id": "1",
      "name": "Chattagram",
      "bn_name": "চট্টগ্রাম",
      "division_number": 1
    },
    {
      "id": "2",
      "name": "Rajshahi",
      "bn_name": "রাজশাহী",
      "division_number": 2
    },
    {
      "id": "3",
      "name": "Khulna",
      "bn_name": "খুলনা",
      "division_number": 3
    },
    {
      "id": "4",
      "name": "Barisal",
      "bn_name": "বরিশাল",
      "division_number": 4
    },
    {
      "id": "5",
      "name": "Sylhet",
      "bn_name": "সিলেট",
      "division_number": 5
    },
    {
      "id": "6",
      "name": "Dhaka",
      "bn_name": "ঢাকা",
      "division_number": 6
    },
    {
      "id": "7",
      "name": "Rangpur",
      "bn_name": "রংপুর",
      "division_number": 7
    },
    {
      "id": "8",
      "name": "Mymensingh",
      "bn_name": "ময়মনসিংহ",
      "division_number": 8
    }
  ],
  "districts": [
    {
      "id": "1",
      "division_id": "1",
      "name": "Comilla",
      "bn_name": "কুমিল্লা",
      "district_number": 1
    },
    {
      "id": "2",
      "division_id": "1",
      "name": "Feni",
      "bn_name": "ফেনী",
      "district_number": 2
    },
    {
      "id": "3",
      "division_id": "1",
      "name": "Brahmanbaria",
      "bn_name": "ব্রাহ্মণবাড়িয়া",
      "district_number": 3
    },
    {
      "id": "4",
      "division_id": "1",
      "name": "Rangamati",
      "bn_name": "রাঙ্গামাটি",
      "district_number": 4
    },
    {
      "id": "5",
      "division_id": "1",
      "name": "Noakhali",
      "bn_name": "নোয়াখালী",
      "district_number": 5
    },
    {
      "id": "6",
      "division_id": "1",
      "name": "Chandpur",
      "bn_name": "চাঁদপুর",
      "district_number": 6
    },
    {
      "id": "7",
      "division_id": "1",
      "name": "Lakshmipur",
      "bn_name": "লক্ষ্মীপুর",
      "district_number": 7
    },
    {
      "id": "8",
      "division_id": "1",
      "name": "Chattogram",
      "bn_name": "চট্টগ্রাম",
      "district_number": 8
    },
    {
      "id": "9",
      "division_id": "1",
      "name": "Coxsbazar",
      "bn_name": "কক্সবাজার",
      "district_number": 9
    },
    {
      "id": "10",
      "division_id": "1",
      "name": "Khagrachhari",
      "bn_name": "খাগড়াছড়ি",
      "district_number": 10
    },
    {
      "id": "11",
      "division_id": "1",
      "name": "Bandarban",
      "bn_name": "বান্দরবান",
      "district_number": 11
    },
    {
      "id": "12",
      "division_id": "2",
      "name": "Sirajganj",
      "bn_name": "সিরাজগঞ্জ",
      "district_number": 12
    },
    {
      "id": "13",
      "division_id": "2",
      "name": "Pabna",
      "bn_name": "পাবনা",
      "district_number": 13
    },
    {
      "id": "14",
      "division_id": "2",
      "name": "Bogura",
      "bn_name": "বগুড়া",
      "district_number": 14
    },
    {
      "id": "15",
      "division_id": "2",
      "name": "Rajshahi",
      "bn_name": "রাজশাহী",
      "district_number": 15
    },
    {
      "id": "16",
      "division_id": "2",
      "name": "Natore",
      "bn_name": "নাটোর",
      "district_number": 16
    },
    {
      "id": "17",
      "division_id": "2",
      "name": "Joypurhat",
      "bn_name": "জয়পুরহাট",
      "district_number": 17
    },
    {
      "id": "18",
      "division_id": "2",
      "name": "Chapainawabganj",
      "bn_name": "চাঁপাইনবাবগঞ্জ",
      "district_number": 18
    },
    {
      "id": "19",
      "division_id": "2",
      "name": "Naogaon",
      "bn_name": "নওগাঁ",
      "district_number": 19
    },
    {
      "id": "20",
      "division_id": "3",
      "name": "Jashore",
      "bn_name": "যশোর",
      "district_number": 20
    },
    {
      "id": "21",
      "division_id": "3",
      "name": "Satkhira",
      "bn_name": "সাতক্ষীরা",
      "district_number": 21
    },
    {
      "id": "22",
      "division_id": "3",
      "name": "Meherpur",
      "bn_name": "মেহেরপুর",
      "district_number": 22
    },
    {
      "id": "23",
      "division_id": "3",
      "name": "Narail",
      "bn_name": "নড়াইল",
      "district_number": 23
    },
    {
      "id": "24",
      "division_id": "3",
      "name": "Chuadanga",
      "bn_name": "চুয়াডাঙ্গা",
      "district_number": 24
    },
    {
      "id": "25",
      "division_id": "3",
      "name": "Kushtia",
      "bn_name": "কুষ্টিয়া",
      "district_number": 25
    },
    {
      "id": "26",
      "division_id": "3",
      "name": "Magura",
      "bn_name": "মাগুরা",
      "district_number": 26
    },
    {
      "id": "27",
      "division_id": "3",
      "name": "Khulna",
      "bn_name": "খুলনা",
      "district_number": 27
    },
    {
      "id": "28",
      "division_id": "3",
      "name": "Bagerhat",
      "bn_name": "বাগেরহাট",
      "district_number": 28
    },
    {
      "id": "29",
      "division_id": "3",
      "name": "Jhenaidah",
      "bn_name": "ঝিনাইদহ",
      "district_number": 29
    },
    {
      "id": "30",
      "division_id": "4",
      "name": "Jhalakathi",
      "bn_name": "ঝালকাঠি",
      "district_number": 30
    },
    {
      "id": "31",
      "division_id": "4",
      "name": "Patuakhali",
      "bn_name": "পটুয়াখালী",
      "district_number": 31
    },
    {
      "id": "32",
      "division_id": "4",
      "name": "Pirojpur",
      "bn_name": "পিরোজপুর",
      "district_number": 32
    },
    {
      "id": "33",
      "division_id": "4",
      "name": "Barisal",
      "bn_name": "বরিশাল",
      "district_number": 33
    },
    {
      "id": "34",
      "division_id": "4",
      "name": "Bhola",
      "bn_name": "ভোলা",
      "district_number": 34
    },
    {
      "id": "35",
      "division_id": "4",
      "name": "Barguna",
      "bn_name": "বরগুনা",
      "district_number": 35
    },
    {
      "id": "36",
      "division_id": "5",
      "name": "Sylhet",
      "bn_name": "সিলেট",
      "district_number": 36
    },
    {
      "id": "37",
      "division_id": "5",
      "name": "Moulvibazar",
      "bn_name": "মৌলভীবাজার",
      "district_number": 37
    },
    {
      "id": "38",
      "division_id": "5",
      "name": "Habiganj",
      "bn_name": "হবিগঞ্জ",
      "district_number": 38
    },
    {
      "id": "39",
      "division_id": "5",
      "name": "Sunamganj",
      "bn_name": "সুনামগঞ্জ",
      "district_number": 39
    },
    {
      "id": "40",
      "division_id": "6",
      "name": "Narsingdi",
      "bn_name": "নরসিংদী",
      "district_number": 40
    },
    {
      "id": "41",
      "division_id": "6",
      "name": "Gazipur",
      "bn_name": "গাজীপুর",
      "district_number": 41
    },
    {
      "id": "42",
      "division_id": "6",
      "name": "Shariatpur",
      "bn_name": "শরীয়তপুর",
      "district_number": 42
    },
    {
      "id": "43",
      "division_id": "6",
      "name": "Narayanganj",
      "bn_name": "নারায়ণগঞ্জ",
      "district_number": 43
    },
    {
      "id": "44",
      "division_id": "6",
      "name": "Tangail",
      "bn_name": "টাঙ্গাইল",
      "district_number": 44
    },
    {
      "id": "45",
      "division_id": "6",
      "name": "Kishoreganj",
      "bn_name": "কিশোরগঞ্জ",
      "district_number": 45
    },
    {
      "id": "46",
      "division_id": "6",
      "name": "Manikganj",
      "bn_name": "মানিকগঞ্জ",
      "district_number": 46
    },
    {
      "id": "47",
      "division_id": "6",
      "name": "Dhaka",
      "bn_name": "ঢাকা",
      "district_number": 47
    },
    {
      "id": "48",
      "division_id": "6",
      "name": "Munshiganj",
      "bn_name": "মুন্সিগঞ্জ",
      "district_number": 48
    },
    {
      "id": "49",
      "division_id": "6",
      "name": "Rajbari",
      "bn_name": "রাজবাড়ী",
      "district_number": 49
    },
    {
      "id": "50",
      "division_id": "6",
      "name": "Madaripur",
      "bn_name": "মাদারীপুর",
      "district_number": 50
    },
    {
      "id": "51",
      "division_id": "6",
      "name": "Gopalganj",
      "bn_name": "গোপালগঞ্জ",
      "district_number": 51
    },
    {
      "id": "52",
      "division_id": "6",
      "name": "Faridpur",
      "bn_name": "ফরিদপুর",
      "district_number": 52
    },
    {
      "id": "53",
      "division_id": "7",
      "name": "Panchagarh",
      "bn_name": "পঞ্চগড়",
      "district_number": 53
    },
    {
      "id": "54",
      "division_id": "7",
      "name": "Dinajpur",
      "bn_name": "দিনাজপুর",
      "district_number": 54
    },
    {
      "id": "55",
      "division_id": "7",
      "name": "Lalmonirhat",
      "bn_name": "লালমনিরহাট",
      "district_number": 55
    },
    {
      "id": "56",
      "division_id": "7",
      "name": "Nilphamari",
      "bn_name": "নীলফামারী",
      "district_number": 56
    },
    {
      "id": "57",
      "division_id": "7",
      "name": "Gaibandha",
      "bn_name": "গাইবান্ধা",
      "district_number": 57
    },
    {
      "id": "58",
      "division_id": "7",
      "name": "Thakurgaon",
      "bn_name": "ঠাকুরগাঁও",
      "district_number": 58
    },
    {
      "id": "59",
      "division_id": "7",
      "name": "Rangpur",
      "bn_name": "রংপুর",
      "district_number": 59
    },
    {
      "id": "60",
      "division_id": "7",
      "name": "Kurigram",
      "bn_name": "কুড়িগ্রাম",
      "district_number": 60
    },
    {
      "id": "61",
      "division_id": "8",
      "name": "Sherpur",
      "bn_name": "শেরপুর",
      "district_number": 61
    },
    {
      "id": "62",
      "division_id": "8",
      "name": "Mymensingh",
      "bn_name": "ময়মনসিংহ",
      "district_number": 62
    },
    {
      "id": "63",
      "division_id": "8",
      "name": "Jamalpur",
      "bn_name": "জামালপুর",
      "district_number": 63
    },
    {
      "id": "64",
      "division_id": "8",
      "name": "Netrokona",
      "bn_name": "নেত্রকোণা",
      "district_number": 64
    }
  ],
  "upazilas": [
    {
      "id": "1",
      "district_id": "1",
      "name": "Debidwar",
      "bn_name": "দেবিদ্বার",
      "type": "upazila"
    },
    {
      "id": "2",
      "district_id": "1",
      "name": "Barura",
      "bn_name": "বরুড়া",
      "type": "upazila"
    },
    {
      "id": "3",
      "district_id": "1",
      "name": "Brahmanpara",
      "bn_name": "ব্রাহ্মণপাড়া",
      "type": "upazila"
    },
    {
      "id": "4",
      "district_id": "1",
      "name": "Chandina",
      "bn_name": "চান্দিনা",
      "type": "upazila"
    },
    {
      "id": "5",
      "district_id": "1",
      "name": "Chauddagram",
      "bn_name": "চৌদ্দগ্রাম",
      "type": "upazila"
    },
    {
      "id": "6",
      "district_id": "1",
      "name": "Daudkandi",
      "bn_name": "দাউদকান্দি",
      "type": "upazila"
    },
    {
      "id": "7",
      "district_id": "1",
      "name": "Homna",
      "bn_name": "হোমনা",
      "type": "upazila"
    },
    {
      "id": "8",
      "district_id": "1",
      "name": "Laksam",
      "bn_name": "লাকসাম",
      "type": "upazila"
    },
    {
      "id": "9",
      "district_id": "1",
      "name": "Muradnagar",
      "bn_name": "মুরাদনগর",
      "type": "upazila"
    },
    {
      "id": "10",
      "district_id": "1",
      "name": "Nangalkot",
      "bn_name": "নাঙ্গলকোট",
      "type": "upazila"
    },
    {
      "id": "11",
      "district_id": "1",
      "name": "Comilla Sadar",
      "bn_name": "কুমিল্লা সদর",
      "type": "upazila"
    },
    {
      "id": "12",
      "district_id": "1",
      "name": "Meghna",
      "bn_name": "মেঘনা",
      "type": "upazila"
    },
    {
      "id": "13",
      "district_id": "1",
      "name": "Monohargonj",
      "bn_name": "মনোহরগঞ্জ",
      "type": "upazila"
    },
    {
      "id": "14",
      "district_id": "1",
      "name": "Sadarsouth",
      "bn_name": "সদর দক্ষিণ",
      "type": "upazila"
    },
    {
      "id": "15",
      "district_id": "1",
      "name": "Titas",
      "bn_name": "তিতাস",
      "type": "upazila"
    },
    {
      "id": "16",
      "district_id": "1",
      "name": "Burichang",
      "bn_name": "বুড়িচং",
      "type": "upazila"
    },
    {
      "id": "17",
      "district_id": "1",
      "name": "Lalmai",
      "bn_name": "লালমাই",
      "type": "upazila"
    },
    {
      "id": "18",
      "district_id": "2",
      "name": "Chhagalnaiya",
      "bn_name": "ছাগলনাইয়া",
      "type": "upazila"
    },
    {
      "id": "19",
      "district_id": "2",
      "name": "Feni Sadar",
      "bn_name": "ফেনী সদর",
      "type": "upazila"
    },
    {
      "id": "20",
      "district_id": "2",
      "name": "Sonagazi",
      "bn_name": "সোনাগাজী",
      "type": "upazila"
    },
    {
      "id": "21",
      "district_id": "2",
      "name": "Fulgazi",
      "bn_name": "ফুলগাজী",
      "type": "upazila"
    },
    {
      "id": "22",
      "district_id": "2",
      "name": "Parshuram",
      "bn_name": "পরশুরাম",
      "type": "upazila"
    },
    {
      "id": "23",
      "district_id": "2",
      "name": "Daganbhuiyan",
      "bn_name": "দাগনভূঞা",
      "type": "upazila"
    },
    {
      "id": "24",
      "district_id": "3",
      "name": "Brahmanbaria Sadar",
      "bn_name": "ব্রাহ্মণবাড়িয়া সদর",
      "type": "upazila"
    },
    {
      "id": "25",
      "district_id": "3",
      "name": "Kasba",
      "bn_name": "কসবা",
      "type": "upazila"
    },
    {
      "id": "26",
      "district_id": "3",
      "name": "Nasirnagar",
      "bn_name": "নাসিরনগর",
      "type": "upazila"
    },
    {
      "id": "27",
      "district_id": "3",
      "name": "Sarail",
      "bn_name": "সরাইল",
      "type": "upazila"
    },
    {
      "id": "28",
      "district_id": "3",
      "name": "Ashuganj",
      "bn_name": "আশুগঞ্জ",
      "type": "upazila"
    },
    {
      "id": "29",
      "district_id": "3",
      "name": "Akhaura",
      "bn_name": "আখাউড়া",
      "type": "upazila"
    },
    {
      "id": "30",
      "district_id": "3",
      "name": "Nabinagar",
      "bn_name": "নবীনগর",
      "type": "upazila"
    },
    {
      "id": "31",
      "district_id": "3",
      "name": "Bancharampur",
      "bn_name": "বাঞ্ছারামপুর",
      "type": "upazila"
    },
    {
      "id": "32",
      "district_id": "3",
      "name": "Bijoynagar",
      "bn_name": "বিজয়নগর",
      "type": "upazila"
    },
    {
      "id": "33",
      "district_id": "4",
      "name": "Rangamati Sadar",
      "bn_name": "রাঙ্গামাটি সদর",
      "type": "upazila"
    },
    {
      "id": "34",
      "district_id": "4",
      "name": "Kaptai",
      "bn_name": "কাপ্তাই",
      "type": "upazila"
    },
    {
      "id": "35",
      "district_id": "4",
      "name": "Kawkhali",
      "bn_name": "কাউখালী",
      "type": "upazila"
    },
    {
      "id": "36",
      "district_id": "4",
      "name": "Baghaichari",
      "bn_name": "বাঘাইছড়ি",
      "type": "upazila"
    },
    {
      "id": "37",
      "district_id": "4",
      "name": "Barkal",
      "bn_name": "বরকল",
      "type": "upazila"
    },
    {
      "id": "38",
      "district_id": "4",
      "name": "Langadu",
      "bn_name": "লংগদু",
      "type": "upazila"
    },
    {
      "id": "39",
      "district_id": "4",
      "name": "Rajasthali",
      "bn_name": "রাজস্থলী",
      "type": "upazila"
    },
    {
      "id": "40",
      "district_id": "4",
      "name": "Belaichari",
      "bn_name": "বিলাইছড়ি",
      "type": "upazila"
    },
    {
      "id": "41",
      "district_id": "4",
      "name": "Juraichari",
      "bn_name": "জুরাছড়ি",
      "type": "upazila"
    },
    {
      "id": "42",
      "district_id": "4",
      "name": "Naniarchar",
      "bn_name": "নানিয়ারচর",
      "type": "upazila"
    },
    {
      "id": "43",
      "district_id": "5",
      "name": "Noakhali Sadar",
      "bn_name": "নোয়াখালী সদর",
      "type": "upazila"
    },
    {
      "id": "44",
      "district_id": "5",
      "name": "Companiganj",
      "bn_name": "কোম্পানীগঞ্জ",
      "type": "upazila"
    },
    {
      "id": "45",
      "district_id": "5",
      "name": "Begumganj",
      "bn_name": "বেগমগঞ্জ",
      "type": "upazila"
    },
    {
      "id": "46",
      "district_id": "5",
      "name": "Hatia",
      "bn_name": "হাতিয়া",
      "type": "upazila"
    },
    {
      "id": "47",
      "district_id": "5",
      "name": "Subarnachar",
      "bn_name": "সুবর্ণচর",
      "type": "upazila"
    },
    {
      "id": "48",
      "district_id": "5",
      "name": "Kabirhat",
      "bn_name": "কবিরহাট",
      "type": "upazila"
    },
    {
      "id": "49",
      "district_id": "5",
      "name": "Senbug",
      "bn_name": "সেনবাগ",
      "type": "upazila"
    },
    {
      "id": "50",
      "district_id": "5",
      "name": "Chatkhil",
      "bn_name": "চাটখিল",
      "type": "upazila"
    },
    {
      "id": "51",
      "district_id": "5",
      "name": "Sonaimori",
      "bn_name": "সোনাইমুড়ী",
      "type": "upazila"
    },
    {
      "id": "52",
      "district_id": "6",
      "name": "Haimchar",
      "bn_name": "হাইমচর",
      "type": "upazila"
    },
    {
      "id": "53",
      "district_id": "6",
      "name": "Kachua",
      "bn_name": "কচুয়া",
      "type": "upazila"
    },
    {
      "id": "54",
      "district_id": "6",
      "name": "Shahrasti",
      "bn_name": "শাহরাস্তি\t",
      "type": "upazila"
    },
    {
      "id": "55",
      "district_id": "6",
      "name": "Chandpur Sadar",
      "bn_name": "চাঁদপুর সদর",
      "type": "upazila"
    },
    {
      "id": "56",
      "district_id": "6",
      "name": "Matlab South",
      "bn_name": "মতলব দক্ষিণ",
      "type": "upazila"
    },
    {
      "id": "57",
      "district_id": "6",
      "name": "Hajiganj",
      "bn_name": "হাজীগঞ্জ",
      "type": "upazila"
    },
    {
      "id": "58",
      "district_id": "6",
      "name": "Matlab North",
      "bn_name": "মতলব উত্তর",
      "type": "upazila"
    },
    {
      "id": "59",
      "district_id": "6",
      "name": "Faridgonj",
      "bn_name": "ফরিদগঞ্জ",
      "type": "upazila"
    },
    {
      "id": "60",
      "district_id": "7",
      "name": "Lakshmipur Sadar",
      "bn_name": "লক্ষ্মীপুর সদর",
      "type": "upazila"
    },
    {
      "id": "61",
      "district_id": "7",
      "name": "Kamalnagar",
      "bn_name": "কমলনগর",
      "type": "upazila"
    },
    {
      "id": "62",
      "district_id": "7",
      "name": "Raipur",
      "bn_name": "রায়পুর",
      "type": "upazila"
    },
    {
      "id": "63",
      "district_id": "7",
      "name": "Ramgati",
      "bn_name": "রামগতি",
      "type": "upazila"
    },
    {
      "id": "64",
      "district_id": "7",
      "name": "Ramganj",
      "bn_name": "রামগঞ্জ",
      "type": "upazila"
    },
    {
      "id": "65",
      "district_id": "8",
      "name": "Rangunia",
      "bn_name": "রাঙ্গুনিয়া",
      "type": "upazila"
    },
    {
      "id": "66",
      "district_id": "8",
      "name": "Sitakunda",
      "bn_name": "সীতাকুন্ড",
      "type": "upazila"
    },
    {
      "id": "67",
      "district_id": "8",
      "name": "Mirsharai",
      "bn_name": "মীরসরাই",
      "type": "upazila"
    },
    {
      "id": "68",
      "district_id": "8",
      "name": "Patiya",
      "bn_name": "পটিয়া",
      "type": "upazila"
    },
    {
      "id": "69",
      "district_id": "8",
      "name": "Sandwip",
      "bn_name": "সন্দ্বীপ",
      "type": "upazila"
    },
    {
      "id": "70",
      "district_id": "8",
      "name": "Banshkhali",
      "bn_name": "বাঁশখালী",
      "type": "upazila"
    },
    {
      "id": "71",
      "district_id": "8",
      "name": "Boalkhali",
      "bn_name": "বোয়ালখালী",
      "type": "upazila"
    },
    {
      "id": "72",
      "district_id": "8",
      "name": "Anwara",
      "bn_name": "আনোয়ারা",
      "type": "upazila"
    },
    {
      "id": "73",
      "district_id": "8",
      "name": "Chandanaish",
      "bn_name": "চন্দনাইশ",
      "type": "upazila"
    },
    {
      "id": "74",
      "district_id": "8",
      "name": "Satkania",
      "bn_name": "সাতকানিয়া",
      "type": "upazila"
    },
    {
      "id": "75",
      "district_id": "8",
      "name": "Lohagara",
      "bn_name": "লোহাগাড়া",
      "type": "upazila"
    },
    {
      "id": "76",
      "district_id": "8",
      "name": "Hathazari",
      "bn_name": "হাটহাজারী",
      "type": "upazila"
    },
    {
      "id": "77",
      "district_id": "8",
      "name": "Fatikchhari",
      "bn_name": "ফটিকছড়ি",
      "type": "upazila"
    },
    {
      "id": "78",
      "district_id": "8",
      "name": "Raozan",
      "bn_name": "রাউজান",
      "type": "upazila"
    },
    {
      "id": "79",
      "district_id": "8",
      "name": "Karnafuli",
      "bn_name": "কর্ণফুলী",
      "type": "upazila"
    },
    {
      "id": "80",
      "district_id": "9",
      "name": "Coxsbazar Sadar",
      "bn_name": "কক্সবাজার সদর",
      "type": "upazila"
    },
    {
      "id": "81",
      "district_id": "9",
      "name": "Chakaria",
      "bn_name": "চকরিয়া",
      "type": "upazila"
    },
    {
      "id": "82",
      "district_id": "9",
      "name": "Kutubdia",
      "bn_name": "কুতুবদিয়া",
      "type": "upazila"
    },
    {
      "id": "83",
      "district_id": "9",
      "name": "Ukhiya",
      "bn_name": "উখিয়া",
      "type": "upazila"
    },
    {
      "id": "84",
      "district_id": "9",
      "name": "Moheshkhali",
      "bn_name": "মহেশখালী",
      "type": "upazila"
    },
    {
      "id": "85",
      "district_id": "9",
      "name": "Pekua",
      "bn_name": "পেকুয়া",
      "type": "upazila"
    },
    {
      "id": "86",
      "district_id": "9",
      "name": "Ramu",
      "bn_name": "রামু",
      "type": "upazila"
    },
    {
      "id": "87",
      "district_id": "9",
      "name": "Teknaf",
      "bn_name": "টেকনাফ",
      "type": "upazila"
    },
    {
      "id": "88",
      "district_id": "10",
      "name": "Khagrachhari Sadar",
      "bn_name": "খাগড়াছড়ি সদর",
      "type": "upazila"
    },
    {
      "id": "89",
      "district_id": "10",
      "name": "Dighinala",
      "bn_name": "দিঘীনালা",
      "type": "upazila"
    },
    {
      "id": "90",
      "district_id": "10",
      "name": "Panchari",
      "bn_name": "পানছড়ি",
      "type": "upazila"
    },
    {
      "id": "91",
      "district_id": "10",
      "name": "Laxmichhari",
      "bn_name": "লক্ষীছড়ি",
      "type": "upazila"
    },
    {
      "id": "92",
      "district_id": "10",
      "name": "Mohalchari",
      "bn_name": "মহালছড়ি",
      "type": "upazila"
    },
    {
      "id": "93",
      "district_id": "10",
      "name": "Manikchari",
      "bn_name": "মানিকছড়ি",
      "type": "upazila"
    },
    {
      "id": "94",
      "district_id": "10",
      "name": "Ramgarh",
      "bn_name": "রামগড়",
      "type": "upazila"
    },
    {
      "id": "95",
      "district_id": "10",
      "name": "Matiranga",
      "bn_name": "মাটিরাঙ্গা",
      "type": "upazila"
    },
    {
      "id": "96",
      "district_id": "10",
      "name": "Guimara",
      "bn_name": "গুইমারা",
      "type": "upazila"
    },
    {
      "id": "97",
      "district_id": "11",
      "name": "Bandarban Sadar",
      "bn_name": "বান্দরবান সদর",
      "type": "upazila"
    },
    {
      "id": "98",
      "district_id": "11",
      "name": "Alikadam",
      "bn_name": "আলীকদম",
      "type": "upazila"
    },
    {
      "id": "99",
      "district_id": "11",
      "name": "Naikhongchhari",
      "bn_name": "নাইক্ষ্যংছড়ি",
      "type": "upazila"
    },
    {
      "id": "100",
      "district_id": "11",
      "name": "Rowangchhari",
      "bn_name": "রোয়াংছড়ি",
      "type": "upazila"
    },
    {
      "id": "101",
      "district_id": "11",
      "name": "Lama",
      "bn_name": "লামা",
      "type": "upazila"
    },
    {
      "id": "102",
      "district_id": "11",
      "name": "Ruma",
      "bn_name": "রুমা",
      "type": "upazila"
    },
    {
      "id": "103",
      "district_id": "11",
      "name": "Thanchi",
      "bn_name": "থানচি",
      "type": "upazila"
    },
    {
      "id": "104",
      "district_id": "12",
      "name": "Belkuchi",
      "bn_name": "বেলকুচি",
      "type": "upazila"
    },
    {
      "id": "105",
      "district_id": "12",
      "name": "Chauhali",
      "bn_name": "চৌহালি",
      "type": "upazila"
    },
    {
      "id": "106",
      "district_id": "12",
      "name": "Kamarkhand",
      "bn_name": "কামারখন্দ",
      "type": "upazila"
    },
    {
      "id": "107",
      "district_id": "12",
      "name": "Kazipur",
      "bn_name": "কাজীপুর",
      "type": "upazila"
    },
    {
      "id": "108",
      "district_id": "12",
      "name": "Raigonj",
      "bn_name": "রায়গঞ্জ",
      "type": "upazila"
    },
    {
      "id": "109",
      "district_id": "12",
      "name": "Shahjadpur",
      "bn_name": "শাহজাদপুর",
      "type": "upazila"
    },
    {
      "id": "110",
      "district_id": "12",
      "name": "Sirajganj Sadar",
      "bn_name": "সিরাজগঞ্জ সদর",
      "type": "upazila"
    },
    {
      "id": "111",
      "district_id": "12",
      "name": "Tarash",
      "bn_name": "তাড়াশ",
      "type": "upazila"
    },
    {
      "id": "112",
      "district_id": "12",
      "name": "Ullapara",
      "bn_name": "উল্লাপাড়া",
      "type": "upazila"
    },
    {
      "id": "113",
      "district_id": "13",
      "name": "Sujanagar",
      "bn_name": "সুজানগর",
      "type": "upazila"
    },
    {
      "id": "114",
      "district_id": "13",
      "name": "Ishurdi",
      "bn_name": "ঈশ্বরদী",
      "type": "upazila"
    },
    {
      "id": "115",
      "district_id": "13",
      "name": "Bhangura",
      "bn_name": "ভাঙ্গুড়া",
      "type": "upazila"
    },
    {
      "id": "116",
      "district_id": "13",
      "name": "Pabna Sadar",
      "bn_name": "পাবনা সদর",
      "type": "upazila"
    },
    {
      "id": "117",
      "district_id": "13",
      "name": "Bera",
      "bn_name": "বেড়া",
      "type": "upazila"
    },
    {
      "id": "118",
      "district_id": "13",
      "name": "Atghoria",
      "bn_name": "আটঘরিয়া",
      "type": "upazila"
    },
    {
      "id": "119",
      "district_id": "13",
      "name": "Chatmohar",
      "bn_name": "চাটমোহর",
      "type": "upazila"
    },
    {
      "id": "120",
      "district_id": "13",
      "name": "Santhia",
      "bn_name": "সাঁথিয়া",
      "type": "upazila"
    },
    {
      "id": "121",
      "district_id": "13",
      "name": "Faridpur",
      "bn_name": "ফরিদপুর",
      "type": "upazila"
    },
    {
      "id": "122",
      "district_id": "14",
      "name": "Kahaloo",
      "bn_name": "কাহালু",
      "type": "upazila"
    },
    {
      "id": "123",
      "district_id": "14",
      "name": "Bogra Sadar",
      "bn_name": "বগুড়া সদর",
      "type": "upazila"
    },
    {
      "id": "124",
      "district_id": "14",
      "name": "Shariakandi",
      "bn_name": "সারিয়াকান্দি",
      "type": "upazila"
    },
    {
      "id": "125",
      "district_id": "14",
      "name": "Shajahanpur",
      "bn_name": "শাজাহানপুর",
      "type": "upazila"
    },
    {
      "id": "126",
      "district_id": "14",
      "name": "Dupchanchia",
      "bn_name": "দুপচাচিঁয়া",
      "type": "upazila"
    },
    {
      "id": "127",
      "district_id": "14",
      "name": "Adamdighi",
      "bn_name": "আদমদিঘি",
      "type": "upazila"
    },
    {
      "id": "128",
      "district_id": "14",
      "name": "Nondigram",
      "bn_name": "নন্দিগ্রাম",
      "type": "upazila"
    },
    {
      "id": "129",
      "district_id": "14",
      "name": "Sonatala",
      "bn_name": "সোনাতলা",
      "type": "upazila"
    },
    {
      "id": "130",
      "district_id": "14",
      "name": "Dhunot",
      "bn_name": "ধুনট",
      "type": "upazila"
    },
    {
      "id": "131",
      "district_id": "14",
      "name": "Gabtali",
      "bn_name": "গাবতলী",
      "type": "upazila"
    },
    {
      "id": "132",
      "district_id": "14",
      "name": "Sherpur",
      "bn_name": "শেরপুর",
      "type": "upazila"
    },
    {
      "id": "133",
      "district_id": "14",
      "name": "Shibganj",
      "bn_name": "শিবগঞ্জ",
      "type": "upazila"
    },
    {
      "id": "134",
      "district_id": "15",
      "name": "Paba",
      "bn_name": "পবা",
      "type": "upazila"
    },
    {
      "id": "135",
      "district_id": "15",
      "name": "Durgapur",
      "bn_name": "দুর্গাপুর",
      "type": "upazila"
    },
    {
      "id": "136",
      "district_id": "15",
      "name": "Mohonpur",
      "bn_name": "মোহনপুর",
      "type": "upazila"
    },
    {
      "id": "137",
      "district_id": "15",
      "name": "Charghat",
      "bn_name": "চারঘাট",
      "type": "upazila"
    },
    {
      "id": "138",
      "district_id": "15",
      "name": "Puthia",
      "bn_name": "পুঠিয়া",
      "type": "upazila"
    },
    {
      "id": "139",
      "district_id": "15",
      "name": "Bagha",
      "bn_name": "বাঘা",
      "type": "upazila"
    },
    {
      "id": "140",
      "district_id": "15",
      "name": "Godagari",
      "bn_name": "গোদাগাড়ী",
      "type": "upazila"
    },
    {
      "id": "141",
      "district_id": "15",
      "name": "Tanore",
      "bn_name": "তানোর",
      "type": "upazila"
    },
    {
      "id": "142",
      "district_id": "15",
      "name": "Bagmara",
      "bn_name": "বাগমারা",
      "type": "upazila"
    },
    {
      "id": "143",
      "district_id": "16",
      "name": "Natore Sadar",
      "bn_name": "নাটোর সদর",
      "type": "upazila"
    },
    {
      "id": "144",
      "district_id": "16",
      "name": "Singra",
      "bn_name": "সিংড়া",
      "type": "upazila"
    },
    {
      "id": "145",
      "district_id": "16",
      "name": "Baraigram",
      "bn_name": "বড়াইগ্রাম",
      "type": "upazila"
    },
    {
      "id": "146",
      "district_id": "16",
      "name": "Bagatipara",
      "bn_name": "বাগাতিপাড়া",
      "type": "upazila"
    },
    {
      "id": "147",
      "district_id": "16",
      "name": "Lalpur",
      "bn_name": "লালপুর",
      "type": "upazila"
    },
    {
      "id": "148",
      "district_id": "16",
      "name": "Gurudaspur",
      "bn_name": "গুরুদাসপুর",
      "type": "upazila"
    },
    {
      "id": "149",
      "district_id": "16",
      "name": "Naldanga",
      "bn_name": "নলডাঙ্গা",
      "type": "upazila"
    },
    {
      "id": "150",
      "district_id": "17",
      "name": "Akkelpur",
      "bn_name": "আক্কেলপুর",
      "type": "upazila"
    },
    {
      "id": "151",
      "district_id": "17",
      "name": "Kalai",
      "bn_name": "কালাই",
      "type": "upazila"
    },
    {
      "id": "152",
      "district_id": "17",
      "name": "Khetlal",
      "bn_name": "ক্ষেতলাল",
      "type": "upazila"
    },
    {
      "id": "153",
      "district_id": "17",
      "name": "Panchbibi",
      "bn_name": "পাঁচবিবি",
      "type": "upazila"
    },
    {
      "id": "154",
      "district_id": "17",
      "name": "Joypurhat Sadar",
      "bn_name": "জয়পুরহাট সদর",
      "type": "upazila"
    },
    {
      "id": "155",
      "district_id": "18",
      "name": "Chapainawabganj Sadar",
      "bn_name": "চাঁপাইনবাবগঞ্জ সদর",
      "type": "upazila"
    },
    {
      "id": "156",
      "district_id": "18",
      "name": "Gomostapur",
      "bn_name": "গোমস্তাপুর",
      "type": "upazila"
    },
    {
      "id": "157",
      "district_id": "18",
      "name": "Nachol",
      "bn_name": "নাচোল",
      "type": "upazila"
    },
    {
      "id": "158",
      "district_id": "18",
      "name": "Bholahat",
      "bn_name": "ভোলাহাট",
      "type": "upazila"
    },
    {
      "id": "159",
      "district_id": "18",
      "name": "Shibganj",
      "bn_name": "শিবগঞ্জ",
      "type": "upazila"
    },
    {
      "id": "160",
      "district_id": "19",
      "name": "Mohadevpur",
      "bn_name": "মহাদেবপুর",
      "type": "upazila"
    },
    {
      "id": "161",
      "district_id": "19",
      "name": "Badalgachi",
      "bn_name": "বদলগাছী",
      "type": "upazila"
    },
    {
      "id": "162",
      "district_id": "19",
      "name": "Patnitala",
      "bn_name": "পত্নিতলা",
      "type": "upazila"
    },
    {
      "id": "163",
      "district_id": "19",
      "name": "Dhamoirhat",
      "bn_name": "ধামইরহাট",
      "type": "upazila"
    },
    {
      "id": "164",
      "district_id": "19",
      "name": "Niamatpur",
      "bn_name": "নিয়ামতপুর",
      "type": "upazila"
    },
    {
      "id": "165",
      "district_id": "19",
      "name": "Manda",
      "bn_name": "মান্দা",
      "type": "upazila"
    },
    {
      "id": "166",
      "district_id": "19",
      "name": "Atrai",
      "bn_name": "আত্রাই",
      "type": "upazila"
    },
    {
      "id": "167",
      "district_id": "19",
      "name": "Raninagar",
      "bn_name": "রাণীনগর",
      "type": "upazila"
    },
    {
      "id": "168",
      "district_id": "19",
      "name": "Naogaon Sadar",
      "bn_name": "নওগাঁ সদর",
      "type": "upazila"
    },
    {
      "id": "169",
      "district_id": "19",
      "name": "Porsha",
      "bn_name": "পোরশা",
      "type": "upazila"
    },
    {
      "id": "170",
      "district_id": "19",
      "name": "Sapahar",
      "bn_name": "সাপাহার",
      "type": "upazila"
    },
    {
      "id": "171",
      "district_id": "20",
      "name": "Manirampur",
      "bn_name": "মণিরামপুর",
      "type": "upazila"
    },
    {
      "id": "172",
      "district_id": "20",
      "name": "Abhaynagar",
      "bn_name": "অভয়নগর",
      "type": "upazila"
    },
    {
      "id": "173",
      "district_id": "20",
      "name": "Bagherpara",
      "bn_name": "বাঘারপাড়া",
      "type": "upazila"
    },
    {
      "id": "174",
      "district_id": "20",
      "name": "Chougachha",
      "bn_name": "চৌগাছা",
      "type": "upazila"
    },
    {
      "id": "175",
      "district_id": "20",
      "name": "Jhikargacha",
      "bn_name": "ঝিকরগাছা",
      "type": "upazila"
    },
    {
      "id": "176",
      "district_id": "20",
      "name": "Keshabpur",
      "bn_name": "কেশবপুর",
      "type": "upazila"
    },
    {
      "id": "177",
      "district_id": "20",
      "name": "Jessore Sadar",
      "bn_name": "যশোর সদর",
      "type": "upazila"
    },
    {
      "id": "178",
      "district_id": "20",
      "name": "Sharsha",
      "bn_name": "শার্শা",
      "type": "upazila"
    },
    {
      "id": "179",
      "district_id": "21",
      "name": "Assasuni",
      "bn_name": "আশাশুনি",
      "type": "upazila"
    },
    {
      "id": "180",
      "district_id": "21",
      "name": "Debhata",
      "bn_name": "দেবহাটা",
      "type": "upazila"
    },
    {
      "id": "181",
      "district_id": "21",
      "name": "Kalaroa",
      "bn_name": "কলারোয়া",
      "type": "upazila"
    },
    {
      "id": "182",
      "district_id": "21",
      "name": "Satkhira Sadar",
      "bn_name": "সাতক্ষীরা সদর",
      "type": "upazila"
    },
    {
      "id": "183",
      "district_id": "21",
      "name": "Shyamnagar",
      "bn_name": "শ্যামনগর",
      "type": "upazila"
    },
    {
      "id": "184",
      "district_id": "21",
      "name": "Tala",
      "bn_name": "তালা",
      "type": "upazila"
    },
    {
      "id": "185",
      "district_id": "21",
      "name": "Kaliganj",
      "bn_name": "কালিগঞ্জ",
      "type": "upazila"
    },
    {
      "id": "186",
      "district_id": "22",
      "name": "Mujibnagar",
      "bn_name": "মুজিবনগর",
      "type": "upazila"
    },
    {
      "id": "187",
      "district_id": "22",
      "name": "Meherpur Sadar",
      "bn_name": "মেহেরপুর সদর",
      "type": "upazila"
    },
    {
      "id": "188",
      "district_id": "22",
      "name": "Gangni",
      "bn_name": "গাংনী",
      "type": "upazila"
    },
    {
      "id": "189",
      "district_id": "23",
      "name": "Narail Sadar",
      "bn_name": "নড়াইল সদর",
      "type": "upazila"
    },
    {
      "id": "190",
      "district_id": "23",
      "name": "Lohagara",
      "bn_name": "লোহাগড়া",
      "type": "upazila"
    },
    {
      "id": "191",
      "district_id": "23",
      "name": "Kalia",
      "bn_name": "কালিয়া",
      "type": "upazila"
    },
    {
      "id": "192",
      "district_id": "24",
      "name": "Chuadanga Sadar",
      "bn_name": "চুয়াডাঙ্গা সদর",
      "type": "upazila"
    },
    {
      "id": "193",
      "district_id": "24",
      "name": "Alamdanga",
      "bn_name": "আলমডাঙ্গা",
      "type": "upazila"
    },
    {
      "id": "194",
      "district_id": "24",
      "name": "Damurhuda",
      "bn_name": "দামুড়হুদা",
      "type": "upazila"
    },
    {
      "id": "195",
      "district_id": "24",
      "name": "Jibannagar",
      "bn_name": "জীবননগর",
      "type": "upazila"
    },
    {
      "id": "196",
      "district_id": "25",
      "name": "Kushtia Sadar",
      "bn_name": "কুষ্টিয়া সদর",
      "type": "upazila"
    },
    {
      "id": "197",
      "district_id": "25",
      "name": "Kumarkhali",
      "bn_name": "কুমারখালী",
      "type": "upazila"
    },
    {
      "id": "198",
      "district_id": "25",
      "name": "Khoksa",
      "bn_name": "খোকসা",
      "type": "upazila"
    },
    {
      "id": "199",
      "district_id": "25",
      "name": "Mirpur",
      "bn_name": "মিরপুর",
      "type": "upazila"
    },
    {
      "id": "200",
      "district_id": "25",
      "name": "Daulatpur",
      "bn_name": "দৌলতপুর",
      "type": "upazila"
    },
    {
      "id": "201",
      "district_id": "25",
      "name": "Bheramara",
      "bn_name": "ভেড়ামারা",
      "type": "upazila"
    },
    {
      "id": "202",
      "district_id": "26",
      "name": "Shalikha",
      "bn_name": "শালিখা",
      "type": "upazila"
    },
    {
      "id": "203",
      "district_id": "26",
      "name": "Sreepur",
      "bn_name": "শ্রীপুর",
      "type": "upazila"
    },
    {
      "id": "204",
      "district_id": "26",
      "name": "Magura Sadar",
      "bn_name": "মাগুরা সদর",
      "type": "upazila"
    },
    {
      "id": "205",
      "district_id": "26",
      "name": "Mohammadpur",
      "bn_name": "মহম্মদপুর",
      "type": "upazila"
    },
    {
      "id": "206",
      "district_id": "27",
      "name": "Paikgasa",
      "bn_name": "পাইকগাছা",
      "type": "upazila"
    },
    {
      "id": "207",
      "district_id": "27",
      "name": "Fultola",
      "bn_name": "ফুলতলা",
      "type": "upazila"
    },
    {
      "id": "208",
      "district_id": "27",
      "name": "Digholia",
      "bn_name": "দিঘলিয়া",
      "type": "upazila"
    },
    {
      "id": "209",
      "district_id": "27",
      "name": "Rupsha",
      "bn_name": "রূপসা",
      "type": "upazila"
    },
    {
      "id": "210",
      "district_id": "27",
      "name": "Terokhada",
      "bn_name": "তেরখাদা",
      "type": "upazila"
    },
    {
      "id": "211",
      "district_id": "27",
      "name": "Dumuria",
      "bn_name": "ডুমুরিয়া",
      "type": "upazila"
    },
    {
      "id": "212",
      "district_id": "27",
      "name": "Botiaghata",
      "bn_name": "বটিয়াঘাটা",
      "type": "upazila"
    },
    {
      "id": "213",
      "district_id": "27",
      "name": "Dakop",
      "bn_name": "দাকোপ",
      "type": "upazila"
    },
    {
      "id": "214",
      "district_id": "27",
      "name": "Koyra",
      "bn_name": "কয়রা",
      "type": "upazila"
    },
    {
      "id": "215",
      "district_id": "28",
      "name": "Fakirhat",
      "bn_name": "ফকিরহাট",
      "type": "upazila"
    },
    {
      "id": "216",
      "district_id": "28",
      "name": "Bagerhat Sadar",
      "bn_name": "বাগেরহাট সদর",
      "type": "upazila"
    },
    {
      "id": "217",
      "district_id": "28",
      "name": "Mollahat",
      "bn_name": "মোল্লাহাট",
      "type": "upazila"
    },
    {
      "id": "218",
      "district_id": "28",
      "name": "Sarankhola",
      "bn_name": "শরণখোলা",
      "type": "upazila"
    },
    {
      "id": "219",
      "district_id": "28",
      "name": "Rampal",
      "bn_name": "রামপাল",
      "type": "upazila"
    },
    {
      "id": "220",
      "district_id": "28",
      "name": "Morrelganj",
      "bn_name": "মোড়েলগঞ্জ",
      "type": "upazila"
    },
    {
      "id": "221",
      "district_id": "28",
      "name": "Kachua",
      "bn_name": "কচুয়া",
      "type": "upazila"
    },
    {
      "id": "222",
      "district_id": "28",
      "name": "Mongla",
      "bn_name": "মোংলা",
      "type": "upazila"
    },
    {
      "id": "223",
      "district_id": "28",
      "name": "Chitalmari",
      "bn_name": "চিতলমারী",
      "type": "upazila"
    },
    {
      "id": "224",
      "district_id": "29",
      "name": "Jhenaidah Sadar",
      "bn_name": "ঝিনাইদহ সদর",
      "type": "upazila"
    },
    {
      "id": "225",
      "district_id": "29",
      "name": "Shailkupa",
      "bn_name": "শৈলকুপা",
      "type": "upazila"
    },
    {
      "id": "226",
      "district_id": "29",
      "name": "Harinakundu",
      "bn_name": "হরিণাকুন্ডু",
      "type": "upazila"
    },
    {
      "id": "227",
      "district_id": "29",
      "name": "Kaliganj",
      "bn_name": "কালীগঞ্জ",
      "type": "upazila"
    },
    {
      "id": "228",
      "district_id": "29",
      "name": "Kotchandpur",
      "bn_name": "কোটচাঁদপুর",
      "type": "upazila"
    },
    {
      "id": "229",
      "district_id": "29",
      "name": "Moheshpur",
      "bn_name": "মহেশপুর",
      "type": "upazila"
    },
    {
      "id": "230",
      "district_id": "30",
      "name": "Jhalakathi Sadar",
      "bn_name": "ঝালকাঠি সদর",
      "type": "upazila"
    },
    {
      "id": "231",
      "district_id": "30",
      "name": "Kathalia",
      "bn_name": "কাঠালিয়া",
      "type": "upazila"
    },
    {
      "id": "232",
      "district_id": "30",
      "name": "Nalchity",
      "bn_name": "নলছিটি",
      "type": "upazila"
    },
    {
      "id": "233",
      "district_id": "30",
      "name": "Rajapur",
      "bn_name": "রাজাপুর",
      "type": "upazila"
    },
    {
      "id": "234",
      "district_id": "31",
      "name": "Bauphal",
      "bn_name": "বাউফল",
      "type": "upazila"
    },
    {
      "id": "235",
      "district_id": "31",
      "name": "Patuakhali Sadar",
      "bn_name": "পটুয়াখালী সদর",
      "type": "upazila"
    },
    {
      "id": "236",
      "district_id": "31",
      "name": "Dumki",
      "bn_name": "দুমকি",
      "type": "upazila"
    },
    {
      "id": "237",
      "district_id": "31",
      "name": "Dashmina",
      "bn_name": "দশমিনা",
      "type": "upazila"
    },
    {
      "id": "238",
      "district_id": "31",
      "name": "Kalapara",
      "bn_name": "কলাপাড়া",
      "type": "upazila"
    },
    {
      "id": "239",
      "district_id": "31",
      "name": "Mirzaganj",
      "bn_name": "মির্জাগঞ্জ",
      "type": "upazila"
    },
    {
      "id": "240",
      "district_id": "31",
      "name": "Galachipa",
      "bn_name": "গলাচিপা",
      "type": "upazila"
    },
    {
      "id": "241",
      "district_id": "31",
      "name": "Rangabali",
      "bn_name": "রাঙ্গাবালী",
      "type": "upazila"
    },
    {
      "id": "242",
      "district_id": "32",
      "name": "Pirojpur Sadar",
      "bn_name": "পিরোজপুর সদর",
      "type": "upazila"
    },
    {
      "id": "243",
      "district_id": "32",
      "name": "Nazirpur",
      "bn_name": "নাজিরপুর",
      "type": "upazila"
    },
    {
      "id": "244",
      "district_id": "32",
      "name": "Kawkhali",
      "bn_name": "কাউখালী",
      "type": "upazila"
    },
    {
      "id": "245",
      "district_id": "32",
      "name": "Zianagar",
      "bn_name": "জিয়ানগর",
      "type": "upazila"
    },
    {
      "id": "246",
      "district_id": "32",
      "name": "Bhandaria",
      "bn_name": "ভান্ডারিয়া",
      "type": "upazila"
    },
    {
      "id": "247",
      "district_id": "32",
      "name": "Mathbaria",
      "bn_name": "মঠবাড়ীয়া",
      "type": "upazila"
    },
    {
      "id": "248",
      "district_id": "32",
      "name": "Nesarabad",
      "bn_name": "নেছারাবাদ",
      "type": "upazila"
    },
    {
      "id": "249",
      "district_id": "33",
      "name": "Barisal Sadar",
      "bn_name": "বরিশাল সদর",
      "type": "upazila"
    },
    {
      "id": "250",
      "district_id": "33",
      "name": "Bakerganj",
      "bn_name": "বাকেরগঞ্জ",
      "type": "upazila"
    },
    {
      "id": "251",
      "district_id": "33",
      "name": "Babuganj",
      "bn_name": "বাবুগঞ্জ",
      "type": "upazila"
    },
    {
      "id": "252",
      "district_id": "33",
      "name": "Wazirpur",
      "bn_name": "উজিরপুর",
      "type": "upazila"
    },
    {
      "id": "253",
      "district_id": "33",
      "name": "Banaripara",
      "bn_name": "বানারীপাড়া",
      "type": "upazila"
    },
    {
      "id": "254",
      "district_id": "33",
      "name": "Gournadi",
      "bn_name": "গৌরনদী",
      "type": "upazila"
    },
    {
      "id": "255",
      "district_id": "33",
      "name": "Agailjhara",
      "bn_name": "আগৈলঝাড়া",
      "type": "upazila"
    },
    {
      "id": "256",
      "district_id": "33",
      "name": "Mehendiganj",
      "bn_name": "মেহেন্দিগঞ্জ",
      "type": "upazila"
    },
    {
      "id": "257",
      "district_id": "33",
      "name": "Muladi",
      "bn_name": "মুলাদী",
      "type": "upazila"
    },
    {
      "id": "258",
      "district_id": "33",
      "name": "Hizla",
      "bn_name": "হিজলা",
      "type": "upazila"
    },
    {
      "id": "259",
      "district_id": "34",
      "name": "Bhola Sadar",
      "bn_name": "ভোলা সদর",
      "type": "upazila"
    },
    {
      "id": "260",
      "district_id": "34",
      "name": "Borhan Sddin",
      "bn_name": "বোরহান উদ্দিন",
      "type": "upazila"
    },
    {
      "id": "261",
      "district_id": "34",
      "name": "Charfesson",
      "bn_name": "চরফ্যাশন",
      "type": "upazila"
    },
    {
      "id": "262",
      "district_id": "34",
      "name": "Doulatkhan",
      "bn_name": "দৌলতখান",
      "type": "upazila"
    },
    {
      "id": "263",
      "district_id": "34",
      "name": "Monpura",
      "bn_name": "মনপুরা",
      "type": "upazila"
    },
    {
      "id": "264",
      "district_id": "34",
      "name": "Tazumuddin",
      "bn_name": "তজুমদ্দিন",
      "type": "upazila"
    },
    {
      "id": "265",
      "district_id": "34",
      "name": "Lalmohan",
      "bn_name": "লালমোহন",
      "type": "upazila"
    },
    {
      "id": "266",
      "district_id": "35",
      "name": "Amtali",
      "bn_name": "আমতলী",
      "type": "upazila"
    },
    {
      "id": "267",
      "district_id": "35",
      "name": "Barguna Sadar",
      "bn_name": "বরগুনা সদর",
      "type": "upazila"
    },
    {
      "id": "268",
      "district_id": "35",
      "name": "Betagi",
      "bn_name": "বেতাগী",
      "type": "upazila"
    },
    {
      "id": "269",
      "district_id": "35",
      "name": "Bamna",
      "bn_name": "বামনা",
      "type": "upazila"
    },
    {
      "id": "270",
      "district_id": "35",
      "name": "Pathorghata",
      "bn_name": "পাথরঘাটা",
      "type": "upazila"
    },
    {
      "id": "271",
      "district_id": "35",
      "name": "Taltali",
      "bn_name": "তালতলি",
      "type": "upazila"
    },
    {
      "id": "272",
      "district_id": "36",
      "name": "Balaganj",
      "bn_name": "বালাগঞ্জ",
      "type": "upazila"
    },
    {
      "id": "273",
      "district_id": "36",
      "name": "Beanibazar",
      "bn_name": "বিয়ানীবাজার",
      "type": "upazila"
    },
    {
      "id": "274",
      "district_id": "36",
      "name": "Bishwanath",
      "bn_name": "বিশ্বনাথ",
      "type": "upazila"
    },
    {
      "id": "275",
      "district_id": "36",
      "name": "Companiganj",
      "bn_name": "কোম্পানীগঞ্জ",
      "type": "upazila"
    },
    {
      "id": "276",
      "district_id": "36",
      "name": "Fenchuganj",
      "bn_name": "ফেঞ্চুগঞ্জ",
      "type": "upazila"
    },
    {
      "id": "277",
      "district_id": "36",
      "name": "Golapganj",
      "bn_name": "গোলাপগঞ্জ",
      "type": "upazila"
    },
    {
      "id": "278",
      "district_id": "36",
      "name": "Gowainghat",
      "bn_name": "গোয়াইনঘাট",
      "type": "upazila"
    },
    {
      "id": "279",
      "district_id": "36",
      "name": "Jaintiapur",
      "bn_name": "জৈন্তাপুর",
      "type": "upazila"
    },
    {
      "id": "280",
      "district_id": "36",
      "name": "Kanaighat",
      "bn_name": "কানাইঘাট",
      "type": "upazila"
    },
    {
      "id": "281",
      "district_id": "36",
      "name": "Sylhet Sadar",
      "bn_name": "সিলেট সদর",
      "type": "upazila"
    },
    {
      "id": "282",
      "district_id": "36",
      "name": "Zakiganj",
      "bn_name": "জকিগঞ্জ",
      "type": "upazila"
    },
    {
      "id": "283",
      "district_id": "36",
      "name": "Dakshinsurma",
      "bn_name": "দক্ষিণ সুরমা",
      "type": "upazila"
    },
    {
      "id": "284",
      "district_id": "36",
      "name": "Osmaninagar",
      "bn_name": "ওসমানী নগর",
      "type": "upazila"
    },
    {
      "id": "285",
      "district_id": "37",
      "name": "Barlekha",
      "bn_name": "বড়লেখা",
      "type": "upazila"
    },
    {
      "id": "286",
      "district_id": "37",
      "name": "Kamolganj",
      "bn_name": "কমলগঞ্জ",
      "type": "upazila"
    },
    {
      "id": "287",
      "district_id": "37",
      "name": "Kulaura",
      "bn_name": "কুলাউড়া",
      "type": "upazila"
    },
    {
      "id": "288",
      "district_id": "37",
      "name": "Moulvibazar Sadar",
      "bn_name": "মৌলভীবাজার সদর",
      "type": "upazila"
    },
    {
      "id": "289",
      "district_id": "37",
      "name": "Rajnagar",
      "bn_name": "রাজনগর",
      "type": "upazila"
    },
    {
      "id": "290",
      "district_id": "37",
      "name": "Sreemangal",
      "bn_name": "শ্রীমঙ্গল",
      "type": "upazila"
    },
    {
      "id": "291",
      "district_id": "37",
      "name": "Juri",
      "bn_name": "জুড়ী",
      "type": "upazila"
    },
    {
      "id": "292",
      "district_id": "38",
      "name": "Nabiganj",
      "bn_name": "নবীগঞ্জ",
      "type": "upazila"
    },
    {
      "id": "293",
      "district_id": "38",
      "name": "Bahubal",
      "bn_name": "বাহুবল",
      "type": "upazila"
    },
    {
      "id": "294",
      "district_id": "38",
      "name": "Ajmiriganj",
      "bn_name": "আজমিরীগঞ্জ",
      "type": "upazila"
    },
    {
      "id": "295",
      "district_id": "38",
      "name": "Baniachong",
      "bn_name": "বানিয়াচং",
      "type": "upazila"
    },
    {
      "id": "296",
      "district_id": "38",
      "name": "Lakhai",
      "bn_name": "লাখাই",
      "type": "upazila"
    },
    {
      "id": "297",
      "district_id": "38",
      "name": "Chunarughat",
      "bn_name": "চুনারুঘাট",
      "type": "upazila"
    },
    {
      "id": "298",
      "district_id": "38",
      "name": "Habiganj Sadar",
      "bn_name": "হবিগঞ্জ সদর",
      "type": "upazila"
    },
    {
      "id": "299",
      "district_id": "38",
      "name": "Madhabpur",
      "bn_name": "মাধবপুর",
      "type": "upazila"
    },
    {
      "id": "300",
      "district_id": "39",
      "name": "Sunamganj Sadar",
      "bn_name": "সুনামগঞ্জ সদর",
      "type": "upazila"
    },
    {
      "id": "301",
      "district_id": "39",
      "name": "South Sunamganj",
      "bn_name": "দক্ষিণ সুনামগঞ্জ",
      "type": "upazila"
    },
    {
      "id": "302",
      "district_id": "39",
      "name": "Bishwambarpur",
      "bn_name": "বিশ্বম্ভরপুর",
      "type": "upazila"
    },
    {
      "id": "303",
      "district_id": "39",
      "name": "Chhatak",
      "bn_name": "ছাতক",
      "type": "upazila"
    },
    {
      "id": "304",
      "district_id": "39",
      "name": "Jagannathpur",
      "bn_name": "জগন্নাথপুর",
      "type": "upazila"
    },
    {
      "id": "305",
      "district_id": "39",
      "name": "Dowarabazar",
      "bn_name": "দোয়ারাবাজার",
      "type": "upazila"
    },
    {
      "id": "306",
      "district_id": "39",
      "name": "Tahirpur",
      "bn_name": "তাহিরপুর",
      "type": "upazila"
    },
    {
      "id": "307",
      "district_id": "39",
      "name": "Dharmapasha",
      "bn_name": "ধর্মপাশা",
      "type": "upazila"
    },
    {
      "id": "308",
      "district_id": "39",
      "name": "Jamalganj",
      "bn_name": "জামালগঞ্জ",
      "type": "upazila"
    },
    {
      "id": "309",
      "district_id": "39",
      "name": "Shalla",
      "bn_name": "শাল্লা",
      "type": "upazila"
    },
    {
      "id": "310",
      "district_id": "39",
      "name": "Derai",
      "bn_name": "দিরাই",
      "type": "upazila"
    },
    {
      "id": "311",
      "district_id": "40",
      "name": "Belabo",
      "bn_name": "বেলাবো",
      "type": "upazila"
    },
    {
      "id": "312",
      "district_id": "40",
      "name": "Monohardi",
      "bn_name": "মনোহরদী",
      "type": "upazila"
    },
    {
      "id": "313",
      "district_id": "40",
      "name": "Narsingdi Sadar",
      "bn_name": "নরসিংদী সদর",
      "type": "upazila"
    },
    {
      "id": "314",
      "district_id": "40",
      "name": "Palash",
      "bn_name": "পলাশ",
      "type": "upazila"
    },
    {
      "id": "315",
      "district_id": "40",
      "name": "Raipura",
      "bn_name": "রায়পুরা",
      "type": "upazila"
    },
    {
      "id": "316",
      "district_id": "40",
      "name": "Shibpur",
      "bn_name": "শিবপুর",
      "type": "upazila"
    },
    {
      "id": "317",
      "district_id": "41",
      "name": "Kaliganj",
      "bn_name": "কালীগঞ্জ",
      "type": "upazila"
    },
    {
      "id": "318",
      "district_id": "41",
      "name": "Kaliakair",
      "bn_name": "কালিয়াকৈর",
      "type": "upazila"
    },
    {
      "id": "319",
      "district_id": "41",
      "name": "Kapasia",
      "bn_name": "কাপাসিয়া",
      "type": "upazila"
    },
    {
      "id": "320",
      "district_id": "41",
      "name": "Gazipur Sadar",
      "bn_name": "গাজীপুর সদর",
      "type": "upazila"
    },
    {
      "id": "321",
      "district_id": "41",
      "name": "Sreepur",
      "bn_name": "শ্রীপুর",
      "type": "upazila"
    },
    {
      "id": "322",
      "district_id": "42",
      "name": "Shariatpur Sadar",
      "bn_name": "শরিয়তপুর সদর",
      "type": "upazila"
    },
    {
      "id": "323",
      "district_id": "42",
      "name": "Naria",
      "bn_name": "নড়িয়া",
      "type": "upazila"
    },
    {
      "id": "324",
      "district_id": "42",
      "name": "Zajira",
      "bn_name": "জাজিরা",
      "type": "upazila"
    },
    {
      "id": "325",
      "district_id": "42",
      "name": "Gosairhat",
      "bn_name": "গোসাইরহাট",
      "type": "upazila"
    },
    {
      "id": "326",
      "district_id": "42",
      "name": "Bhedarganj",
      "bn_name": "ভেদরগঞ্জ",
      "type": "upazila"
    },
    {
      "id": "327",
      "district_id": "42",
      "name": "Damudya",
      "bn_name": "ডামুড্যা",
      "type": "upazila"
    },
    {
      "id": "328",
      "district_id": "43",
      "name": "Araihazar",
      "bn_name": "আড়াইহাজার",
      "type": "upazila"
    },
    {
      "id": "329",
      "district_id": "43",
      "name": "Bandar",
      "bn_name": "বন্দর",
      "type": "upazila"
    },
    {
      "id": "330",
      "district_id": "43",
      "name": "Narayanganj Sadar",
      "bn_name": "নারায়নগঞ্জ সদর",
      "type": "upazila"
    },
    {
      "id": "331",
      "district_id": "43",
      "name": "Rupganj",
      "bn_name": "রূপগঞ্জ",
      "type": "upazila"
    },
    {
      "id": "332",
      "district_id": "43",
      "name": "Sonargaon",
      "bn_name": "সোনারগাঁ",
      "type": "upazila"
    },
    {
      "id": "333",
      "district_id": "44",
      "name": "Basail",
      "bn_name": "বাসাইল",
      "type": "upazila"
    },
    {
      "id": "334",
      "district_id": "44",
      "name": "Bhuapur",
      "bn_name": "ভুয়াপুর",
      "type": "upazila"
    },
    {
      "id": "335",
      "district_id": "44",
      "name": "Delduar",
      "bn_name": "দেলদুয়ার",
      "type": "upazila"
    },
    {
      "id": "336",
      "district_id": "44",
      "name": "Ghatail",
      "bn_name": "ঘাটাইল",
      "type": "upazila"
    },
    {
      "id": "337",
      "district_id": "44",
      "name": "Gopalpur",
      "bn_name": "গোপালপুর",
      "type": "upazila"
    },
    {
      "id": "338",
      "district_id": "44",
      "name": "Madhupur",
      "bn_name": "মধুপুর",
      "type": "upazila"
    },
    {
      "id": "339",
      "district_id": "44",
      "name": "Mirzapur",
      "bn_name": "মির্জাপুর",
      "type": "upazila"
    },
    {
      "id": "340",
      "district_id": "44",
      "name": "Nagarpur",
      "bn_name": "নাগরপুর",
      "type": "upazila"
    },
    {
      "id": "341",
      "district_id": "44",
      "name": "Sakhipur",
      "bn_name": "সখিপুর",
      "type": "upazila"
    },
    {
      "id": "342",
      "district_id": "44",
      "name": "Tangail Sadar",
      "bn_name": "টাঙ্গাইল সদর",
      "type": "upazila"
    },
    {
      "id": "343",
      "district_id": "44",
      "name": "Kalihati",
      "bn_name": "কালিহাতী",
      "type": "upazila"
    },
    {
      "id": "344",
      "district_id": "44",
      "name": "Dhanbari",
      "bn_name": "ধনবাড়ী",
      "type": "upazila"
    },
    {
      "id": "345",
      "district_id": "45",
      "name": "Itna",
      "bn_name": "ইটনা",
      "type": "upazila"
    },
    {
      "id": "346",
      "district_id": "45",
      "name": "Katiadi",
      "bn_name": "কটিয়াদী",
      "type": "upazila"
    },
    {
      "id": "347",
      "district_id": "45",
      "name": "Bhairab",
      "bn_name": "ভৈরব",
      "type": "upazila"
    },
    {
      "id": "348",
      "district_id": "45",
      "name": "Tarail",
      "bn_name": "তাড়াইল",
      "type": "upazila"
    },
    {
      "id": "349",
      "district_id": "45",
      "name": "Hossainpur",
      "bn_name": "হোসেনপুর",
      "type": "upazila"
    },
    {
      "id": "350",
      "district_id": "45",
      "name": "Pakundia",
      "bn_name": "পাকুন্দিয়া",
      "type": "upazila"
    },
    {
      "id": "351",
      "district_id": "45",
      "name": "Kuliarchar",
      "bn_name": "কুলিয়ারচর",
      "type": "upazila"
    },
    {
      "id": "352",
      "district_id": "45",
      "name": "Kishoreganj Sadar",
      "bn_name": "কিশোরগঞ্জ সদর",
      "type": "upazila"
    },
    {
      "id": "353",
      "district_id": "45",
      "name": "Karimgonj",
      "bn_name": "করিমগঞ্জ",
      "type": "upazila"
    },
    {
      "id": "354",
      "district_id": "45",
      "name": "Bajitpur",
      "bn_name": "বাজিতপুর",
      "type": "upazila"
    },
    {
      "id": "355",
      "district_id": "45",
      "name": "Austagram",
      "bn_name": "অষ্টগ্রাম",
      "type": "upazila"
    },
    {
      "id": "356",
      "district_id": "45",
      "name": "Mithamoin",
      "bn_name": "মিঠামইন",
      "type": "upazila"
    },
    {
      "id": "357",
      "district_id": "45",
      "name": "Nikli",
      "bn_name": "নিকলী",
      "type": "upazila"
    },
    {
      "id": "358",
      "district_id": "46",
      "name": "Harirampur",
      "bn_name": "হরিরামপুর",
      "type": "upazila"
    },
    {
      "id": "359",
      "district_id": "46",
      "name": "Saturia",
      "bn_name": "সাটুরিয়া",
      "type": "upazila"
    },
    {
      "id": "360",
      "district_id": "46",
      "name": "Manikganj Sadar",
      "bn_name": "মানিকগঞ্জ সদর",
      "type": "upazila"
    },
    {
      "id": "361",
      "district_id": "46",
      "name": "Gior",
      "bn_name": "ঘিওর",
      "type": "upazila"
    },
    {
      "id": "362",
      "district_id": "46",
      "name": "Shibaloy",
      "bn_name": "শিবালয়",
      "type": "upazila"
    },
    {
      "id": "363",
      "district_id": "46",
      "name": "Doulatpur",
      "bn_name": "দৌলতপুর",
      "type": "upazila"
    },
    {
      "id": "364",
      "district_id": "46",
      "name": "Singiar",
      "bn_name": "সিংগাইর",
      "type": "upazila"
    },
    {
      "id": "365",
      "district_id": "47",
      "name": "Savar",
      "bn_name": "সাভার",
      "type": "upazila"
    },
    {
      "id": "366",
      "district_id": "47",
      "name": "Dhamrai",
      "bn_name": "ধামরাই",
      "type": "upazila"
    },
    {
      "id": "367",
      "district_id": "47",
      "name": "Keraniganj",
      "bn_name": "কেরাণীগঞ্জ",
      "type": "upazila"
    },
    {
      "id": "368",
      "district_id": "47",
      "name": "Nawabganj",
      "bn_name": "নবাবগঞ্জ",
      "type": "upazila"
    },
    {
      "id": "369",
      "district_id": "47",
      "name": "Dohar",
      "bn_name": "দোহার",
      "type": "upazila"
    },
    {
      "id": "370",
      "district_id": "48",
      "name": "Munshiganj Sadar",
      "bn_name": "মুন্সিগঞ্জ সদর",
      "type": "upazila"
    },
    {
      "id": "371",
      "district_id": "48",
      "name": "Sreenagar",
      "bn_name": "শ্রীনগর",
      "type": "upazila"
    },
    {
      "id": "372",
      "district_id": "48",
      "name": "Sirajdikhan",
      "bn_name": "সিরাজদিখান",
      "type": "upazila"
    },
    {
      "id": "373",
      "district_id": "48",
      "name": "Louhajanj",
      "bn_name": "লৌহজং",
      "type": "upazila"
    },
    {
      "id": "374",
      "district_id": "48",
      "name": "Gajaria",
      "bn_name": "গজারিয়া",
      "type": "upazila"
    },
    {
      "id": "375",
      "district_id": "48",
      "name": "Tongibari",
      "bn_name": "টংগীবাড়ি",
      "type": "upazila"
    },
    {
      "id": "376",
      "district_id": "49",
      "name": "Rajbari Sadar",
      "bn_name": "রাজবাড়ী সদর",
      "type": "upazila"
    },
    {
      "id": "377",
      "district_id": "49",
      "name": "Goalanda",
      "bn_name": "গোয়ালন্দ",
      "type": "upazila"
    },
    {
      "id": "378",
      "district_id": "49",
      "name": "Pangsa",
      "bn_name": "পাংশা",
      "type": "upazila"
    },
    {
      "id": "379",
      "district_id": "49",
      "name": "Baliakandi",
      "bn_name": "বালিয়াকান্দি",
      "type": "upazila"
    },
    {
      "id": "380",
      "district_id": "49",
      "name": "Kalukhali",
      "bn_name": "কালুখালী",
      "type": "upazila"
    },
    {
      "id": "381",
      "district_id": "50",
      "name": "Madaripur Sadar",
      "bn_name": "মাদারীপুর সদর",
      "type": "upazila"
    },
    {
      "id": "382",
      "district_id": "50",
      "name": "Shibchar",
      "bn_name": "শিবচর",
      "type": "upazila"
    },
    {
      "id": "383",
      "district_id": "50",
      "name": "Kalkini",
      "bn_name": "কালকিনি",
      "type": "upazila"
    },
    {
      "id": "384",
      "district_id": "50",
      "name": "Rajoir",
      "bn_name": "রাজৈর",
      "type": "upazila"
    },
    {
      "id": "385",
      "district_id": "51",
      "name": "Gopalganj Sadar",
      "bn_name": "গোপালগঞ্জ সদর",
      "type": "upazila"
    },
    {
      "id": "386",
      "district_id": "51",
      "name": "Kashiani",
      "bn_name": "কাশিয়ানী",
      "type": "upazila"
    },
    {
      "id": "387",
      "district_id": "51",
      "name": "Tungipara",
      "bn_name": "টুংগীপাড়া",
      "type": "upazila"
    },
    {
      "id": "388",
      "district_id": "51",
      "name": "Kotalipara",
      "bn_name": "কোটালীপাড়া",
      "type": "upazila"
    },
    {
      "id": "389",
      "district_id": "51",
      "name": "Muksudpur",
      "bn_name": "মুকসুদপুর",
      "type": "upazila"
    },
    {
      "id": "390",
      "district_id": "52",
      "name": "Faridpur Sadar",
      "bn_name": "ফরিদপুর সদর",
      "type": "upazila"
    },
    {
      "id": "391",
      "district_id": "52",
      "name": "Alfadanga",
      "bn_name": "আলফাডাঙ্গা",
      "type": "upazila"
    },
    {
      "id": "392",
      "district_id": "52",
      "name": "Boalmari",
      "bn_name": "বোয়ালমারী",
      "type": "upazila"
    },
    {
      "id": "393",
      "district_id": "52",
      "name": "Sadarpur",
      "bn_name": "সদরপুর",
      "type": "upazila"
    },
    {
      "id": "394",
      "district_id": "52",
      "name": "Nagarkanda",
      "bn_name": "নগরকান্দা",
      "type": "upazila"
    },
    {
      "id": "395",
      "district_id": "52",
      "name": "Bhanga",
      "bn_name": "ভাঙ্গা",
      "type": "upazila"
    },
    {
      "id": "396",
      "district_id": "52",
      "name": "Charbhadrasan",
      "bn_name": "চরভদ্রাসন",
      "type": "upazila"
    },
    {
      "id": "397",
      "district_id": "52",
      "name": "Madhukhali",
      "bn_name": "মধুখালী",
      "type": "upazila"
    },
    {
      "id": "398",
      "district_id": "52",
      "name": "Saltha",
      "bn_name": "সালথা",
      "type": "upazila"
    },
    {
      "id": "399",
      "district_id": "53",
      "name": "Panchagarh Sadar",
      "bn_name": "পঞ্চগড় সদর",
      "type": "upazila"
    },
    {
      "id": "400",
      "district_id": "53",
      "name": "Debiganj",
      "bn_name": "দেবীগঞ্জ",
      "type": "upazila"
    },
    {
      "id": "401",
      "district_id": "53",
      "name": "Boda",
      "bn_name": "বোদা",
      "type": "upazila"
    },
    {
      "id": "402",
      "district_id": "53",
      "name": "Atwari",
      "bn_name": "আটোয়ারী",
      "type": "upazila"
    },
    {
      "id": "403",
      "district_id": "53",
      "name": "Tetulia",
      "bn_name": "তেতুলিয়া",
      "type": "upazila"
    },
    {
      "id": "404",
      "district_id": "54",
      "name": "Nawabganj",
      "bn_name": "নবাবগঞ্জ",
      "type": "upazila"
    },
    {
      "id": "405",
      "district_id": "54",
      "name": "Birganj",
      "bn_name": "বীরগঞ্জ",
      "type": "upazila"
    },
    {
      "id": "406",
      "district_id": "54",
      "name": "Ghoraghat",
      "bn_name": "ঘোড়াঘাট",
      "type": "upazila"
    },
    {
      "id": "407",
      "district_id": "54",
      "name": "Birampur",
      "bn_name": "বিরামপুর",
      "type": "upazila"
    },
    {
      "id": "408",
      "district_id": "54",
      "name": "Parbatipur",
      "bn_name": "পার্বতীপুর",
      "type": "upazila"
    },
    {
      "id": "409",
      "district_id": "54",
      "name": "Bochaganj",
      "bn_name": "বোচাগঞ্জ",
      "type": "upazila"
    },
    {
      "id": "410",
      "district_id": "54",
      "name": "Kaharol",
      "bn_name": "কাহারোল",
      "type": "upazila"
    },
    {
      "id": "411",
      "district_id": "54",
      "name": "Fulbari",
      "bn_name": "ফুলবাড়ী",
      "type": "upazila"
    },
    {
      "id": "412",
      "district_id": "54",
      "name": "Dinajpur Sadar",
      "bn_name": "দিনাজপুর সদর",
      "type": "upazila"
    },
    {
      "id": "413",
      "district_id": "54",
      "name": "Hakimpur",
      "bn_name": "হাকিমপুর",
      "type": "upazila"
    },
    {
      "id": "414",
      "district_id": "54",
      "name": "Khansama",
      "bn_name": "খানসামা",
      "type": "upazila"
    },
    {
      "id": "415",
      "district_id": "54",
      "name": "Birol",
      "bn_name": "বিরল",
      "type": "upazila"
    },
    {
      "id": "416",
      "district_id": "54",
      "name": "Chirirbandar",
      "bn_name": "চিরিরবন্দর",
      "type": "upazila"
    },
    {
      "id": "417",
      "district_id": "55",
      "name": "Lalmonirhat Sadar",
      "bn_name": "লালমনিরহাট সদর",
      "type": "upazila"
    },
    {
      "id": "418",
      "district_id": "55",
      "name": "Kaliganj",
      "bn_name": "কালীগঞ্জ",
      "type": "upazila"
    },
    {
      "id": "419",
      "district_id": "55",
      "name": "Hatibandha",
      "bn_name": "হাতীবান্ধা",
      "type": "upazila"
    },
    {
      "id": "420",
      "district_id": "55",
      "name": "Patgram",
      "bn_name": "পাটগ্রাম",
      "type": "upazila"
    },
    {
      "id": "421",
      "district_id": "55",
      "name": "Aditmari",
      "bn_name": "আদিতমারী",
      "type": "upazila"
    },
    {
      "id": "422",
      "district_id": "56",
      "name": "Syedpur",
      "bn_name": "সৈয়দপুর",
      "type": "upazila"
    },
    {
      "id": "423",
      "district_id": "56",
      "name": "Domar",
      "bn_name": "ডোমার",
      "type": "upazila"
    },
    {
      "id": "424",
      "district_id": "56",
      "name": "Dimla",
      "bn_name": "ডিমলা",
      "type": "upazila"
    },
    {
      "id": "425",
      "district_id": "56",
      "name": "Jaldhaka",
      "bn_name": "জলঢাকা",
      "type": "upazila"
    },
    {
      "id": "426",
      "district_id": "56",
      "name": "Kishorganj",
      "bn_name": "কিশোরগঞ্জ",
      "type": "upazila"
    },
    {
      "id": "427",
      "district_id": "56",
      "name": "Nilphamari Sadar",
      "bn_name": "নীলফামারী সদর",
      "type": "upazila"
    },
    {
      "id": "428",
      "district_id": "57",
      "name": "Sadullapur",
      "bn_name": "সাদুল্লাপুর",
      "type": "upazila"
    },
    {
      "id": "429",
      "district_id": "57",
      "name": "Gaibandha Sadar",
      "bn_name": "গাইবান্ধা সদর",
      "type": "upazila"
    },
    {
      "id": "430",
      "district_id": "57",
      "name": "Palashbari",
      "bn_name": "পলাশবাড়ী",
      "type": "upazila"
    },
    {
      "id": "431",
      "district_id": "57",
      "name": "Saghata",
      "bn_name": "সাঘাটা",
      "type": "upazila"
    },
    {
      "id": "432",
      "district_id": "57",
      "name": "Gobindaganj",
      "bn_name": "গোবিন্দগঞ্জ",
      "type": "upazila"
    },
    {
      "id": "433",
      "district_id": "57",
      "name": "Sundarganj",
      "bn_name": "সুন্দরগঞ্জ",
      "type": "upazila"
    },
    {
      "id": "434",
      "district_id": "57",
      "name": "Phulchari",
      "bn_name": "ফুলছড়ি",
      "type": "upazila"
    },
    {
      "id": "435",
      "district_id": "58",
      "name": "Thakurgaon Sadar",
      "bn_name": "ঠাকুরগাঁও সদর",
      "type": "upazila"
    },
    {
      "id": "436",
      "district_id": "58",
      "name": "Pirganj",
      "bn_name": "পীরগঞ্জ",
      "type": "upazila"
    },
    {
      "id": "437",
      "district_id": "58",
      "name": "Ranisankail",
      "bn_name": "রাণীশংকৈল",
      "type": "upazila"
    },
    {
      "id": "438",
      "district_id": "58",
      "name": "Haripur",
      "bn_name": "হরিপুর",
      "type": "upazila"
    },
    {
      "id": "439",
      "district_id": "58",
      "name": "Baliadangi",
      "bn_name": "বালিয়াডাঙ্গী",
      "type": "upazila"
    },
    {
      "id": "440",
      "district_id": "59",
      "name": "Rangpur Sadar",
      "bn_name": "রংপুর সদর",
      "type": "upazila"
    },
    {
      "id": "441",
      "district_id": "59",
      "name": "Gangachara",
      "bn_name": "গংগাচড়া",
      "type": "upazila"
    },
    {
      "id": "442",
      "district_id": "59",
      "name": "Taragonj",
      "bn_name": "তারাগঞ্জ",
      "type": "upazila"
    },
    {
      "id": "443",
      "district_id": "59",
      "name": "Badargonj",
      "bn_name": "বদরগঞ্জ",
      "type": "upazila"
    },
    {
      "id": "444",
      "district_id": "59",
      "name": "Mithapukur",
      "bn_name": "মিঠাপুকুর",
      "type": "upazila"
    },
    {
      "id": "445",
      "district_id": "59",
      "name": "Pirgonj",
      "bn_name": "পীরগঞ্জ",
      "type": "upazila"
    },
    {
      "id": "446",
      "district_id": "59",
      "name": "Kaunia",
      "bn_name": "কাউনিয়া",
      "type": "upazila"
    },
    {
      "id": "447",
      "district_id": "59",
      "name": "Pirgacha",
      "bn_name": "পীরগাছা",
      "type": "upazila"
    },
    {
      "id": "448",
      "district_id": "60",
      "name": "Kurigram Sadar",
      "bn_name": "কুড়িগ্রাম সদর",
      "type": "upazila"
    },
    {
      "id": "449",
      "district_id": "60",
      "name": "Nageshwari",
      "bn_name": "নাগেশ্বরী",
      "type": "upazila"
    },
    {
      "id": "450",
      "district_id": "60",
      "name": "Bhurungamari",
      "bn_name": "ভুরুঙ্গামারী",
      "type": "upazila"
    },
    {
      "id": "451",
      "district_id": "60",
      "name": "Phulbari",
      "bn_name": "ফুলবাড়ী",
      "type": "upazila"
    },
    {
      "id": "452",
      "district_id": "60",
      "name": "Rajarhat",
      "bn_name": "রাজারহাট",
      "type": "upazila"
    },
    {
      "id": "453",
      "district_id": "60",
      "name": "Ulipur",
      "bn_name": "উলিপুর",
      "type": "upazila"
    },
    {
      "id": "454",
      "district_id": "60",
      "name": "Chilmari",
      "bn_name": "চিলমারী",
      "type": "upazila"
    },
    {
      "id": "455",
      "district_id": "60",
      "name": "Rowmari",
      "bn_name": "রৌমারী",
      "type": "upazila"
    },
    {
      "id": "456",
      "district_id": "60",
      "name": "Charrajibpur",
      "bn_name": "চর রাজিবপুর",
      "type": "upazila"
    },
    {
      "id": "457",
      "district_id": "61",
      "name": "Sherpur Sadar",
      "bn_name": "শেরপুর সদর",
      "type": "upazila"
    },
    {
      "id": "458",
      "district_id": "61",
      "name": "Nalitabari",
      "bn_name": "নালিতাবাড়ী",
      "type": "upazila"
    },
    {
      "id": "459",
      "district_id": "61",
      "name": "Sreebordi",
      "bn_name": "শ্রীবরদী",
      "type": "upazila"
    },
    {
      "id": "460",
      "district_id": "61",
      "name": "Nokla",
      "bn_name": "নকলা",
      "type": "upazila"
    },
    {
      "id": "461",
      "district_id": "61",
      "name": "Jhenaigati",
      "bn_name": "ঝিনাইগাতী",
      "type": "upazila"
    },
    {
      "id": "462",
      "district_id": "62",
      "name": "Fulbaria",
      "bn_name": "ফুলবাড়ীয়া",
      "type": "upazila"
    },
    {
      "id": "463",
      "district_id": "62",
      "name": "Trishal",
      "bn_name": "ত্রিশাল",
      "type": "upazila"
    },
    {
      "id": "464",
      "district_id": "62",
      "name": "Bhaluka",
      "bn_name": "ভালুকা",
      "type": "upazila"
    },
    {
      "id": "465",
      "district_id": "62",
      "name": "Muktagacha",
      "bn_name": "মুক্তাগাছা",
      "type": "upazila"
    },
    {
      "id": "466",
      "district_id": "62",
      "name": "Mymensingh Sadar",
      "bn_name": "ময়মনসিংহ সদর",
      "type": "upazila"
    },
    {
      "id": "467",
      "district_id": "62",
      "name": "Dhobaura",
      "bn_name": "ধোবাউড়া",
      "type": "upazila"
    },
    {
      "id": "468",
      "district_id": "62",
      "name": "Phulpur",
      "bn_name": "ফুলপুর",
      "type": "upazila"
    },
    {
      "id": "469",
      "district_id": "62",
      "name": "Haluaghat",
      "bn_name": "হালুয়াঘাট",
      "type": "upazila"
    },
    {
      "id": "470",
      "district_id": "62",
      "name": "Gouripur",
      "bn_name": "গৌরীপুর",
      "type": "upazila"
    },
    {
      "id": "471",
      "district_id": "62",
      "name": "Gafargaon",
      "bn_name": "গফরগাঁও",
      "type": "upazila"
    },
    {
      "id": "472",
      "district_id": "62",
      "name": "Iswarganj",
      "bn_name": "ঈশ্বরগঞ্জ",
      "type": "upazila"
    },
    {
      "id": "473",
      "district_id": "62",
      "name": "Nandail",
      "bn_name": "নান্দাইল",
      "type": "upazila"
    },
    {
      "id": "474",
      "district_id": "62",
      "name": "Tarakanda",
      "bn_name": "তারাকান্দা",
      "type": "upazila"
    },
    {
      "id": "475",
      "district_id": "63",
      "name": "Jamalpur Sadar",
      "bn_name": "জামালপুর সদর",
      "type": "upazila"
    },
    {
      "id": "476",
      "district_id": "63",
      "name": "Melandah",
      "bn_name": "মেলান্দহ",
      "type": "upazila"
    },
    {
      "id": "477",
      "district_id": "63",
      "name": "Islampur",
      "bn_name": "ইসলামপুর",
      "type": "upazila"
    },
    {
      "id": "478",
      "district_id": "63",
      "name": "Dewangonj",
      "bn_name": "দেওয়ানগঞ্জ",
      "type": "upazila"
    },
    {
      "id": "479",
      "district_id": "63",
      "name": "Sarishabari",
      "bn_name": "সরিষাবাড়ী",
      "type": "upazila"
    },
    {
      "id": "480",
      "district_id": "63",
      "name": "Madarganj",
      "bn_name": "মাদারগঞ্জ",
      "type": "upazila"
    },
    {
      "id": "481",
      "district_id": "63",
      "name": "Bokshiganj",
      "bn_name": "বকশীগঞ্জ",
      "type": "upazila"
    },
    {
      "id": "482",
      "district_id": "64",
      "name": "Barhatta",
      "bn_name": "বারহাট্টা",
      "type": "upazila"
    },
    {
      "id": "483",
      "district_id": "64",
      "name": "Durgapur",
      "bn_name": "দুর্গাপুর",
      "type": "upazila"
    },
    {
      "id": "484",
      "district_id": "64",
      "name": "Kendua",
      "bn_name": "কেন্দুয়া",
      "type": "upazila"
    },
    {
      "id": "485",
      "district_id": "64",
      "name": "Atpara",
      "bn_name": "আটপাড়া",
      "type": "upazila"
    },
    {
      "id": "486",
      "district_id": "64",
      "name": "Madan",
      "bn_name": "মদন",
      "type": "upazila"
    },
    {
      "id": "487",
      "district_id": "64",
      "name": "Khaliajuri",
      "bn_name": "খালিয়াজুরী",
      "type": "upazila"
    },
    {
      "id": "488",
      "district_id": "64",
      "name": "Kalmakanda",
      "bn_name": "কলমাকান্দা",
      "type": "upazila"
    },
    {
      "id": "489",
      "district_id": "64",
      "name": "Mohongonj",
      "bn_name": "মোহনগঞ্জ",
      "type": "upazila"
    },
    {
      "id": "490",
      "district_id": "64",
      "name": "Purbadhala",
      "bn_name": "পূর্বধলা",
      "type": "upazila"
    },
    {
      "id": "491",
      "district_id": "64",
      "name": "Netrokona Sadar",
      "bn_name": "নেত্রকোণা সদর",
      "type": "upazila"
    },
    {
      "id": "492",
      "district_id": "9",
      "name": "Eidgaon",
      "bn_name": "ঈদগাঁও",
      "type": "upazila"
    },
    {
      "id": "493",
      "district_id": "39",
      "name": "Madhyanagar",
      "bn_name": "মধ্যনগর",
      "type": "upazila"
    },
    {
      "id": "494",
      "district_id": "50",
      "name": "Dasar",
      "bn_name": "ডাসার",
      "type": "upazila"
    }
  ],
  "thanas": [
    {
      "id": "1",
      "district_id": "15",
      "name": "Mirpur",
      "bn_name": "মিরপুর",
      "type": "thana"
    },
    {
      "id": "2",
      "district_id": "15",
      "name": "Dhanmondi",
      "bn_name": "ধানমণ্ডি",
      "type": "thana"
    },
    {
      "id": "3",
      "district_id": "15",
      "name": "Gulshan",
      "bn_name": "গুলশান",
      "type": "thana"
    },
    {
      "id": "4",
      "district_id": "15",
      "name": "Banani",
      "bn_name": "বনানী",
      "type": "thana"
    },
    {
      "id": "5",
      "district_id": "15",
      "name": "Baridhara",
      "bn_name": "বারিধারা",
      "type": "thana"
    },
    {
      "id": "6",
      "district_id": "15",
      "name": "Bashundhara",
      "bn_name": "বসুন্ধরা",
      "type": "thana"
    },
    {
      "id": "7",
      "district_id": "15",
      "name": "Rampura",
      "bn_name": "রামপুরা",
      "type": "thana"
    },
    {
      "id": "8",
      "district_id": "15",
      "name": "Mohakhali",
      "bn_name": "মোহাখালী",
      "type": "thana"
    },
    {
      "id": "9",
      "district_id": "15",
      "name": "Motijheel",
      "bn_name": "মতিঝিল",
      "type": "thana"
    },
    {
      "id": "10",
      "district_id": "15",
      "name": "Kawran Bazar",
      "bn_name": "কওরান বাজার",
      "type": "thana"
    },
    {
      "id": "11",
      "district_id": "15",
      "name": "Uttara",
      "bn_name": "উত্তরা",
      "type": "thana"
    },
    {
      "id": "12",
      "district_id": "15",
      "name": "Badda",
      "bn_name": "বাড্ডা",
      "type": "thana"
    },
    {
      "id": "13",
      "district_id": "15",
      "name": "Siddeshwari",
      "bn_name": "সিদ্ধেশ্বরী",
      "type": "thana"
    },
    {
      "id": "14",
      "district_id": "15",
      "name": "Farmgate",
      "bn_name": "ফার্মগেট",
      "type": "thana"
    },
    {
      "id": "15",
      "district_id": "15",
      "name": "Purana Paltan",
      "bn_name": "পুরানো পল্টন",
      "type": "thana"
    },
    {
      "id": "16",
      "district_id": "15",
      "name": "Panua Bazar",
      "bn_name": "পানুয়া বাজার",
      "type": "thana"
    },
    {
      "id": "17",
      "district_id": "15",
      "name": "Lalbag",
      "bn_name": "লালবাগ",
      "type": "thana"
    },
    {
      "id": "18",
      "district_id": "15",
      "name": "Sutrapur",
      "bn_name": "সুত্রাপুর",
      "type": "thana"
    },
    {
      "id": "19",
      "district_id": "15",
      "name": "Jatrabari",
      "bn_name": "জাত্রাবারী",
      "type": "thana"
    },
    {
      "id": "20",
      "district_id": "15",
      "name": "Shakbazar",
      "bn_name": "শক্তিবাজার",
      "type": "thana"
    }
  ]
}